ID,Date added,Description,URL,Topic,Domain,Long ID,Transition,Modeling,Related to Algebra Assessment Items (Column),"Related to Copy of ,Review of connections to Common Core High School Mathematics (Standards)","Related to Copy of ,Review of connections to Common Core High School Mathematics (Standards) 1",Related to Question <> Standard mapping (Standard),Related to Review of connections to Common Core High School Mathematics (Standard),Related to Review of connections to Common Core High School Mathematics (Standards),Related to SAT Crosswalk to CCSS (Files),Related to Sample CCSS standards mapping for project documentation  (Standards engaged),Related to Sample CCSS standards mapping for project documentation (Standards engaged),Related to Sample CCSS standards mapping for project documentation (Standards engaged) 1,Related to Sample CCSS standards mapping for project documentation (Standards engaged) 2,Related to Sample CCSS standards mapping for project documentation (Standards engaged) 3,Related to Sample CCSS standards mapping for project documentation (Standards engaged) 4,Related to Sample CCSS standards mapping for project documentation (Standards engaged) 5
HSN.CN.A.1,"Dec 30, 2019 10:57 PM","Know there is a complex number i such that i2 = -1, and every complex number has the form a + bi with a and b real.",http://www.corestandards.org/Math/Content/HSN/CN/A/1/,Number & Quantity,The Complex Number System,CCSS.Math.Content.HSN.CN.A.1,No,No,,,,,,,,,,,,,,
HSN.CN.A.2,"Dec 30, 2019 10:57 PM","Use the relation i2 = -1 and the commutative, associative, and distributive properties to add, subtract, and multiply complex numbers.",http://www.corestandards.org/Math/Content/HSN/CN/A/2/,Number & Quantity,The Complex Number System,CCSS.Math.Content.HSN.CN.A.2,No,No,,,,,,,,,,,,,,
HSN.CN.A.3,"Dec 30, 2019 10:57 PM",Find the conjugate of a complex number; use conjugates to find moduli and quotients of complex numbers.,http://www.corestandards.org/Math/Content/HSN/CN/A/3/,Number & Quantity,The Complex Number System,CCSS.Math.Content.HSN.CN.A.3,Yes,No,,,,,,,,,,,,,,
HSN.CN.B.4,"Dec 30, 2019 10:57 PM","Represent complex numbers on the complex plane in rectangular and polar form (including real and imaginary numbers), and explain why the rectangular and polar forms of a given complex number represent the same number.",http://www.corestandards.org/Math/Content/HSN/CN/B/4/,Number & Quantity,The Complex Number System,CCSS.Math.Content.HSN.CN.B.4,Yes,No,,,,,,,,,,,,,,
HSN.CN.B.5,"Dec 30, 2019 10:57 PM","Represent addition, subtraction, multiplication, and conjugation of complex numbers geometrically on the complex plane; use properties of this representation for computation. For example, (-1 + √3 i)3 = 8 because (-1 + √3 i) has modulus 2 and argument 120°.",http://www.corestandards.org/Math/Content/HSN/CN/B/5/,Number & Quantity,The Complex Number System,CCSS.Math.Content.HSN.CN.B.5,Yes,No,,,,,,,,,,,,,,
HSN.CN.B.6,"Dec 30, 2019 10:57 PM","Calculate the distance between numbers in the complex plane as the modulus of the difference, and the midpoint of a segment as the average of the numbers at its endpoints.",http://www.corestandards.org/Math/Content/HSN/CN/B/6/,Number & Quantity,The Complex Number System,CCSS.Math.Content.HSN.CN.B.6,Yes,No,,,,,,,,,,,,,,
HSN.CN.C.7,"Dec 30, 2019 10:57 PM",Solve quadratic equations with real coefficients that have complex solutions.,http://www.corestandards.org/Math/Content/HSN/CN/C/7/,Number & Quantity,The Complex Number System,CCSS.Math.Content.HSN.CN.C.7,No,No,,,,,,,,,,,,,,
HSN.CN.C.8,"Dec 30, 2019 10:57 PM","Extend polynomial identities to the complex numbers. For example, rewrite x2 + 4 as (x + 2i)(x - 2i).",http://www.corestandards.org/Math/Content/HSN/CN/C/8/,Number & Quantity,The Complex Number System,CCSS.Math.Content.HSN.CN.C.8,Yes,No,,,,,,,,,,,,,,
HSN.CN.C.9,"Dec 30, 2019 10:57 PM",Know the Fundamental Theorem of Algebra; show that it is true for quadratic polynomials.,http://www.corestandards.org/Math/Content/HSN/CN/C/9/,Number & Quantity,The Complex Number System,CCSS.Math.Content.HSN.CN.C.9,Yes,No,,,,,,,,,,,,,,
HSN.Q.A.1,"Dec 30, 2019 10:57 PM",Use units as a way to understand problems and to guide the solution of multi-step problems; choose and interpret units consistently in formulas; choose and interpret the scale and the origin in graphs and data displays.,http://www.corestandards.org/Math/Content/HSN/Q/A/1/,Number & Quantity,Quantities,CCSS.Math.Content.HSN.Q.A.1,No,No,https://www.notion.so/HSN-Q-A-5c80e065dfc944f987390bcc467493c9,https://www.notion.so/Translating-local-angle-measurements-and-increments-into-an-absolute-measure-of-direction-on-a-plane-a3ce0bc00dad48649738204d80930548,https://www.notion.so/Translating-local-angle-measurements-and-increments-into-an-absolute-measure-of-direction-on-a-plane-f3e02288269c44969dde262cfbd727d3,,https://www.notion.so/In-calibrating-gravity-defining-the-strength-of-the-spring-974169c3a9ce4bbd976d0cff49561862,https://www.notion.so/In-choosing-and-how-to-initialize-the-ball-and-calibrating-relative-velocity-b7a247e9c25d4a67be983c8674b888ad,,,,,,,,
HSN.Q.A.2,"Dec 30, 2019 10:57 PM",Define appropriate quantities for the purpose of descriptive modeling.,http://www.corestandards.org/Math/Content/HSN/Q/A/2/,Number & Quantity,Quantities,CCSS.Math.Content.HSN.Q.A.2,No,No,https://www.notion.so/HSN-Q-A-5c80e065dfc944f987390bcc467493c9,https://www.notion.so/When-observing-how-a-slingshot-actually-works-Decomposing-the-direction-and-speed-aspects-of-the-cr-7961c8f541a14d58abd80b78678ed7a7,https://www.notion.so/Playing-around-with-different-somewhat-random-reflection-angles-when-the-ball-hits-a-paddle-Defini-10931077cf154f1582f9af1f652c6185,,https://www.notion.so/In-developing-gravity-in-breaking-down-velocity-into-x-and-y-components-in-calibrating-the-streng-b8f0f19b473e495db12ae57fc138cb7c,https://www.notion.so/In-modeling-the-velocity-as-x-and-y-components-in-choosing-to-use-position-velocity-and-accelera-6fc40bb290d3482b9519c8d21cfc4b46,,,,https://www.notion.so/Representing-the-dice-with-internal-values-3733040835d641f7a2c178292c8370ac,,,,
HSN.Q.A.3,"Dec 30, 2019 10:57 PM",Choose a level of accuracy appropriate to limitations on measurement when reporting quantities.,http://www.corestandards.org/Math/Content/HSN/Q/A/3/,Number & Quantity,Quantities,CCSS.Math.Content.HSN.Q.A.3,No,No,https://www.notion.so/HSN-Q-A-5c80e065dfc944f987390bcc467493c9,,https://www.notion.so/Adjusting-the-definition-of-that-scoring-area-based-on-Scratch-s-sensing-ability-making-sure-the-en-357e67bab26a4ba38ab7f59b91addc98,,,,,,,,,,,
HSN.RN.A.1,"Dec 30, 2019 10:57 PM","Explain how the definition of the meaning of rational exponents follows from extending the properties of integer exponents to those values, allowing for a notation for radicals in terms of rational exponents. For example, we define 51/3 to be the cube root of 5 because we want (51/3)3 = 5(1/3)3 to hold, so (51/3)3 must equal 5.",http://www.corestandards.org/Math/Content/HSN/RN/A/1/,Number & Quantity,The Real Number System,CCSS.Math.Content.HSN.RN.A.1,No,No,https://www.notion.so/HSN-RN-A-26d571a085234438a74f33035ff6f364,,,,,,,,,,,,,
HSN.RN.A.2,"Dec 30, 2019 10:57 PM",Rewrite expressions involving radicals and rational exponents using the properties of exponents.,http://www.corestandards.org/Math/Content/HSN/RN/A/2/,Number & Quantity,The Real Number System,CCSS.Math.Content.HSN.RN.A.2,No,No,https://www.notion.so/HSN-RN-A-26d571a085234438a74f33035ff6f364,,,,,,https://www.notion.so/Equivalent-expressions-f6a8a2a0c7f14500919fb04c96b3e8f0,,,,,,,
HSN.RN.B.3,"Dec 30, 2019 10:57 PM",Explain why the sum or product of two rational numbers is rational; that the sum of a rational number and an irrational number is irrational; and that the product of a nonzero rational number and an irrational number is irrational.,http://www.corestandards.org/Math/Content/HSN/RN/B/3/,Number & Quantity,The Real Number System,CCSS.Math.Content.HSN.RN.B.3,No,No,https://www.notion.so/HSN-RN-B-a8e0043729404ec49a766d528f3aa9be,,,,,,,,,,,,,
HSN.VM.A.1,"Dec 30, 2019 10:57 PM","Recognize vector quantities as having both magnitude and direction. Represent vector quantities by directed line segments, and use appropriate symbols for vectors and their magnitudes (e.g., v, |v|, ||v||, v).",http://www.corestandards.org/Math/Content/HSN/VM/A/1/,Number & Quantity,Vector and Matrix Quantities,CCSS.Math.Content.HSN.VM.A.1,Yes,No,,"https://www.notion.so/When-observing-how-a-slingshot-actually-works-Decomposing-the-direction-and-speed-aspects-of-the-cr-7961c8f541a14d58abd80b78678ed7a7, https://www.notion.so/When-I-realized-I-needed-to-be-moving-the-crystal-to-the-right-as-well-and-did-some-math-Drawing-a--712fefebff784c1fac74850df586ea0d","https://www.notion.so/Orienting-the-paddle-to-a-certain-heading-direction-in-order-to-define-its-vector-of-movement-Mult-e2abceffeba2412d898494d9627fda49, https://www.notion.so/Defining-a-global-variable-of-paddle-step-size-in-order-to-play-with-paddle-speed-and-movement-095bfde3790a4b52bd261f26c7b0f0b5",,https://www.notion.so/In-breaking-down-velocity-into-x-and-y-components-in-applying-gravity-as-an-updating-force-on-the--0db643c5c9e04e5889b2b3ef99cb288f,https://www.notion.so/In-modeling-velocity-as-a-vector-in-modeling-what-bounce-actually-means-in-using-negative-multip-02def81d44554fc49608c18cafb36c25,,,,,,,,
HSN.VM.A.2,"Dec 30, 2019 10:57 PM",Find the components of a vector by subtracting the coordinates of an initial point from the coordinates of a terminal point.,http://www.corestandards.org/Math/Content/HSN/VM/A/2/,Number & Quantity,Vector and Matrix Quantities,CCSS.Math.Content.HSN.VM.A.2,Yes,No,,,,,https://www.notion.so/In-developing-the-relative-motion-interface-for-dragging-the-launcher-back-9a45afcf042c4b9d9f975a75c42d1bd0,,,,,,,,,
HSN.VM.A.3,"Dec 30, 2019 10:57 PM",Solve problems involving velocity and other quantities that can be represented by vectors.,http://www.corestandards.org/Math/Content/HSN/VM/A/3/,Number & Quantity,Vector and Matrix Quantities,CCSS.Math.Content.HSN.VM.A.3,Yes,No,,,,,https://www.notion.so/In-modeling-the-motion-of-a-body-under-gravity-in-decomposing-the-velocity-into-x-and-y-components--fea1e052cda44dfbb40915831cd6a60b,https://www.notion.so/In-modeling-velocity-as-a-vector-in-modeling-what-bounce-actually-means-in-using-negative-multip-2993a7ede1224c7fb625b30cd1fb996b,,,,,,,,
HSN.VM.B.4,"Dec 30, 2019 10:57 PM",Add and subtract vectors.,http://www.corestandards.org/Math/Content/HSN/VM/B/4/,Number & Quantity,Vector and Matrix Quantities,CCSS.Math.Content.HSN.VM.B.4,Yes,No,,https://www.notion.so/When-throwing-the-crystal-straight-up-and-down-with-acceleration-due-to-the-force-of-the-throw-and-g-98d99e4c34224f6ea2403cc18d275c06,,,https://www.notion.so/In-modeling-the-effect-of-gravity-on-an-initial-velocity-in-modeling-an-initial-velocity-as-x-and--f3ab6fe651f0488f9d08511f311d5b19,,,,,,,,,
HSN.VM.B.5,"Dec 30, 2019 10:57 PM",Multiply a vector by a scalar.,http://www.corestandards.org/Math/Content/HSN/VM/B/5/,Number & Quantity,Vector and Matrix Quantities,CCSS.Math.Content.HSN.VM.B.5,Yes,No,,https://www.notion.so/When-defining-the-force-with-which-the-crystal-is-thrown-as-proportional-to-the-distance-between-the-8b55a46358f548f2b09963d25ae63b59,,,https://www.notion.so/In-scaling-the-strength-of-the-spring-launcher-d99a54d4aad44206b1ec632297eab00c,,,,,,,,,
HSN.VM.C.6,"Dec 30, 2019 10:57 PM","Use matrices to represent and manipulate data, e.g., to represent payoffs or incidence relationships in a network.",http://www.corestandards.org/Math/Content/HSN/VM/C/6/,Number & Quantity,Vector and Matrix Quantities,CCSS.Math.Content.HSN.VM.C.6,Yes,No,,,,,,,,,,,,,,
HSN.VM.C.7,"Dec 30, 2019 10:57 PM","Multiply matrices by scalars to produce new matrices, e.g., as when all of the payoffs in a game are doubled.",http://www.corestandards.org/Math/Content/HSN/VM/C/7/,Number & Quantity,Vector and Matrix Quantities,CCSS.Math.Content.HSN.VM.C.7,Yes,No,,,,,,,,,,,,,,
HSN.VM.C.8,"Dec 30, 2019 10:57 PM","Add, subtract, and multiply matrices of appropriate dimensions.",http://www.corestandards.org/Math/Content/HSN/VM/C/8/,Number & Quantity,Vector and Matrix Quantities,CCSS.Math.Content.HSN.VM.C.8,Yes,No,,,,,,,,,,,,,,
HSN.VM.C.9,"Dec 30, 2019 10:57 PM","Understand that, unlike multiplication of numbers, matrix multiplication for square matrices is not a commutative operation, but still satisfies the associative and distributive properties.",http://www.corestandards.org/Math/Content/HSN/VM/C/9/,Number & Quantity,Vector and Matrix Quantities,CCSS.Math.Content.HSN.VM.C.9,Yes,No,,,,,,,,,,,,,,
HSN.VM.C.10,"Dec 30, 2019 10:57 PM",Understand that the zero and identity matrices play a role in matrix addition and multiplication similar to the role of 0 and 1 in the real numbers. The determinant of a square matrix is nonzero if and only if the matrix has a multiplicative inverse.,http://www.corestandards.org/Math/Content/HSN/VM/C/10/,Number & Quantity,Vector and Matrix Quantities,CCSS.Math.Content.HSN.VM.C.10,Yes,No,,,,,,,,,,,,,,
HSN.VM.C.11,"Dec 30, 2019 10:57 PM",Multiply a vector (regarded as a matrix with one column) by a matrix of suitable dimensions to produce another vector. Work with matrices as transformations of vectors.,http://www.corestandards.org/Math/Content/HSN/VM/C/11/,Number & Quantity,Vector and Matrix Quantities,CCSS.Math.Content.HSN.VM.C.11,Yes,No,,,,,,,,,,,,,,
HSN.VM.C.12,"Dec 30, 2019 10:57 PM","Work with 2 × 2 matrices as a transformations of the plane, and interpret the absolute value of the determinant in terms of area.",http://www.corestandards.org/Math/Content/HSN/VM/C/12/,Number & Quantity,Vector and Matrix Quantities,CCSS.Math.Content.HSN.VM.C.12,Yes,No,,,,,,,,,,,,,,
HSA.APR.A.1,"Dec 30, 2019 10:57 PM","Understand that polynomials form a system analogous to the integers, namely, they are closed under the operations of addition, subtraction, and multiplication; add, subtract, and multiply polynomials.",http://www.corestandards.org/Math/Content/HSA/APR/A/1/,Algebra,Arithmetic with Polynomials & Rational Expressions,CCSS.Math.Content.HSA.APR.A.1,No,No,https://www.notion.so/HSA-APR-A-122b0d943ec546dca5a6a1cad3de0c15,,,,,,https://www.notion.so/Equivalent-expressions-f6a8a2a0c7f14500919fb04c96b3e8f0,,,,,,,
HSA.APR.B.2,"Dec 30, 2019 10:57 PM","Know and apply the Remainder Theorem: For a polynomial p(x) and a number a, the remainder on division by x - a is p(a), so p(a) = 0 if and only if (x - a) is a factor of p(x).",http://www.corestandards.org/Math/Content/HSA/APR/B/2/,Algebra,Arithmetic with Polynomials & Rational Expressions,CCSS.Math.Content.HSA.APR.B.2,No,No,https://www.notion.so/HSA-APR-B-e564310d4794438b8765e6712d79db41,,,,,,https://www.notion.so/Nonlinear-functions-8f31dfc425014243a671aa7a50035f55,,,,,,,
HSA.APR.B.3,"Dec 30, 2019 10:57 PM","Identify zeros of polynomials when suitable factorizations are available, and use the zeros to construct a rough graph of the function defined by the polynomial.",http://www.corestandards.org/Math/Content/HSA/APR/B/3/,Algebra,Arithmetic with Polynomials & Rational Expressions,CCSS.Math.Content.HSA.APR.B.3,No,No,https://www.notion.so/HSA-APR-B-e564310d4794438b8765e6712d79db41,,,,,,https://www.notion.so/Nonlinear-equations-in-one-variable-and-systems-of-equations-in-two-variables-c0e70c18a18f43feb264dba82657123d,,,,,,,
HSA.APR.C.4,"Dec 30, 2019 10:57 PM","Prove polynomial identities and use them to describe numerical relationships. For example, the polynomial identity (x2 + y2)2 = (x2 - y2)2 + (2xy)2 can be used to generate Pythagorean triples.",http://www.corestandards.org/Math/Content/HSA/APR/C/4/,Algebra,Arithmetic with Polynomials & Rational Expressions,CCSS.Math.Content.HSA.APR.C.4,No,No,,,,,,,,,,,,,,
HSA.APR.C.5,"Dec 30, 2019 10:57 PM","Know and apply the Binomial Theorem for the expansion of (x + y)n in powers of x and y for a positive integer n, where x and y are any numbers, with coefficients determined for example by Pascal's Triangle.1",http://www.corestandards.org/Math/Content/HSA/APR/C/5/,Algebra,Arithmetic with Polynomials & Rational Expressions,CCSS.Math.Content.HSA.APR.C.5,Yes,No,,,,,,,,,,,,,,
HSA.APR.D.6,"Dec 30, 2019 10:57 PM","Rewrite simple rational expressions in different forms; write a(x)/b(x) in the form q(x) + r(x)/b(x), where a(x), b(x), q(x), and r(x) are polynomials with the degree of r(x) less than the degree of b(x), using inspection, long division, or, for the more complicated examples, a computer algebra system.",http://www.corestandards.org/Math/Content/HSA/APR/D/6/,Algebra,Arithmetic with Polynomials & Rational Expressions,CCSS.Math.Content.HSA.APR.D.6,No,No,,,,,,,https://www.notion.so/Equivalent-expressions-f6a8a2a0c7f14500919fb04c96b3e8f0,,,,,,,
HSA.APR.D.7,"Dec 30, 2019 10:57 PM","Understand that rational expressions form a system analogous to the rational numbers, closed under addition, subtraction, multiplication, and division by a nonzero rational expression; add, subtract, multiply, and divide rational expressions.",http://www.corestandards.org/Math/Content/HSA/APR/D/7/,Algebra,Arithmetic with Polynomials & Rational Expressions,CCSS.Math.Content.HSA.APR.D.7,Yes,No,,,,,,,,,,,,,,
HSA.CED.A.1,"Dec 30, 2019 10:57 PM","Create equations and inequalities in one variable and use them to solve problems. Include equations arising from linear and quadratic functions, and simple rational and exponential functions.",http://www.corestandards.org/Math/Content/HSA/CED/A/1/,Algebra,Creating Equations,CCSS.Math.Content.HSA.CED.A.1,No,No,https://www.notion.so/HSA-CED-A-ef1c9b34c4bd4d1bbac93bf61db66369,https://www.notion.so/Attempted-to-solve-the-distance-formula-but-had-two-variables-in-one-equation-e604da588c884fd587d1ad2dc3a412e7,"https://www.notion.so/Then-solving-each-of-those-equations-for-a-single-unknown-value-d387bf80d96c4905beec9ab4622263dc, https://www.notion.so/Defining-a-scoring-area-relative-to-a-vertical-line-y-value-using-inequalities-a8ac29825442444b9223fd364644bf44",,https://www.notion.so/In-creating-equations-for-updating-x-and-y-position-and-velocity-based-on-gravity-time-a95b021d56904fc68e6352cb60b417b1,https://www.notion.so/Depending-on-how-you-approached-it-in-the-initial-work-to-decompose-a-velocity-into-x-and-y-compone-37384571ce914cc8a1f69c12b0858003,"https://www.notion.so/Linear-equations-in-one-variable-5eaa42e4bb8b40b08a39fd7e38df2bee, https://www.notion.so/Linear-inequalities-in-one-or-two-variables-e4c2804c70d642728a22931449728d51",,,https://www.notion.so/Constraining-the-placement-of-dice-in-the-board-drawer-checking-whether-two-dice-cancel-709efcb032ae46da9f8e740d910416ff,,https://www.notion.so/Giving-values-to-the-cards-and-getting-them-to-combine-to-cancel-out-25d9ceea6dd0494d9259183eebb098ab,,
HSA.CED.A.2,"Dec 30, 2019 10:57 PM",Create equations in two or more variables to represent relationships between quantities; graph equations on coordinate axes with labels and scales.,http://www.corestandards.org/Math/Content/HSA/CED/A/2/,Algebra,Creating Equations,CCSS.Math.Content.HSA.CED.A.2,No,No,https://www.notion.so/HSA-CED-A-ef1c9b34c4bd4d1bbac93bf61db66369,,https://www.notion.so/Playing-around-with-different-somewhat-random-reflection-angles-when-the-ball-hits-a-paddle-Defini-10931077cf154f1582f9af1f652c6185,,https://www.notion.so/In-creating-equations-for-updating-x-and-y-position-and-velocity-based-on-gravity-time-45a80b5a72ad49d8b68a1b9d31561b29,,https://www.notion.so/Linear-functions-1cbfafac273e4b4ab5aeec2239f7f516,,,,,,,
HSA.CED.A.3,"Dec 30, 2019 10:57 PM","Represent constraints by equations or inequalities, and by systems of equations and/or inequalities, and interpret solutions as viable or nonviable options in a modeling context. For example, represent inequalities describing nutritional and cost constraints on combinations of different foods.",http://www.corestandards.org/Math/Content/HSA/CED/A/3/,Algebra,Creating Equations,CCSS.Math.Content.HSA.CED.A.3,No,No,https://www.notion.so/HSA-CED-A-ef1c9b34c4bd4d1bbac93bf61db66369,"https://www.notion.so/When-I-realized-I-needed-to-be-moving-the-crystal-to-the-right-as-well-and-did-some-math-Using-the--65215ebedc3d4e5a80b94f5a0e05f755, https://www.notion.so/When-I-realized-I-needed-to-be-moving-the-crystal-to-the-right-as-well-and-did-some-math-Translatin-bdac78e0b90c4feca6901daac2a34329","https://www.notion.so/When-calculating-the-ball-s-new-direction-after-reflecting-off-the-paddle-Defining-direction-in-two-ce8d2427acb14776b9b94fcd7385408d, https://www.notion.so/When-looking-at-the-ball-reflection-examples-for-which-I-knew-the-right-values-Using-edge-cases-kn-29c369edb7d84b8e99587d5ee82903e7, https://www.notion.so/When-looking-at-the-ball-reflection-examples-for-which-I-knew-the-right-values-Extrapolating-an-equ-b3dab85a00b34008abee8e8fa5526a6d",,,https://www.notion.so/In-defining-where-and-when-to-bounce-in-defining-where-to-initialize-a-new-ball-2325eaa865d74373ba44cd2f16215467,"https://www.notion.so/Linear-equations-in-two-variables-2709353caddd45cb85c55d393584fdb8, https://www.notion.so/Linear-inequalities-in-one-or-two-variables-e4c2804c70d642728a22931449728d51",,,https://www.notion.so/Constraining-the-placement-of-dice-in-the-board-drawer-checking-whether-two-dice-cancel-709efcb032ae46da9f8e740d910416ff,,,,
HSA.CED.A.4,"Dec 30, 2019 10:57 PM","Rearrange formulas to highlight a quantity of interest, using the same reasoning as in solving equations. For example, rearrange Ohm's law V = IR to highlight resistance R.",http://www.corestandards.org/Math/Content/HSA/CED/A/4/,Algebra,Creating Equations,CCSS.Math.Content.HSA.CED.A.4,No,No,https://www.notion.so/HSA-CED-A-ef1c9b34c4bd4d1bbac93bf61db66369,https://www.notion.so/When-I-realized-I-needed-to-be-moving-the-crystal-to-the-right-as-well-and-did-some-math-Translatin-bdac78e0b90c4feca6901daac2a34329,"https://www.notion.so/When-calculating-the-ball-s-new-direction-after-reflecting-off-the-paddle-Defining-direction-in-two-ce8d2427acb14776b9b94fcd7385408d, https://www.notion.so/Then-solving-each-of-those-equations-for-a-single-unknown-value-d387bf80d96c4905beec9ab4622263dc",,,https://www.notion.so/Depending-on-how-you-approached-it-in-the-initial-work-to-decompose-a-velocity-into-x-and-y-compone-11fc86cc67054a0dbf6bc0b8728009ee,https://www.notion.so/Nonlinear-equations-in-one-variable-and-systems-of-equations-in-two-variables-c0e70c18a18f43feb264dba82657123d,,,https://www.notion.so/The-whole-logic-of-the-game-aiming-to-isolate-the-Tootsie-Roll-3cc1bff8fb264a4ab72a0a020bf9f8b2,,,,
HSA.REI.A.1,"Dec 30, 2019 10:57 PM","Explain each step in solving a simple equation as following from the equality of numbers asserted at the previous step, starting from the assumption that the original equation has a solution. Construct a viable argument to justify a solution method.",http://www.corestandards.org/Math/Content/HSA/REI/A/1/,Algebra,Reasoning with Equations and Inequalities,CCSS.Math.Content.HSA.REI.A.1,No,No,https://www.notion.so/HSA-REI-A-1272ececf8034977bfb96458a95f4c27,,,,,,https://www.notion.so/Nonlinear-functions-8f31dfc425014243a671aa7a50035f55,,,https://www.notion.so/The-whole-logic-of-the-game-aiming-to-isolate-the-Tootsie-Roll-3cc1bff8fb264a4ab72a0a020bf9f8b2,,https://www.notion.so/Reflecting-in-journal-on-creating-system-for-isolating-box-04c9406febeb461fb50d9e523c46fec1,,
HSA.REI.A.2,"Dec 30, 2019 10:57 PM","Solve simple rational and radical equations in one variable, and give examples showing how extraneous solutions may arise.",http://www.corestandards.org/Math/Content/HSA/REI/A/2/,Algebra,Reasoning with Equations and Inequalities,CCSS.Math.Content.HSA.REI.A.2,No,No,https://www.notion.so/HSA-REI-A-1272ececf8034977bfb96458a95f4c27,,,,,,https://www.notion.so/Nonlinear-equations-in-one-variable-and-systems-of-equations-in-two-variables-c0e70c18a18f43feb264dba82657123d,,,,,,,
HSA.REI.B.3,"Dec 30, 2019 10:57 PM","Solve linear equations and inequalities in one variable, including equations with coefficients represented by letters.",http://www.corestandards.org/Math/Content/HSA/REI/B/3/,Algebra,Reasoning with Equations and Inequalities,CCSS.Math.Content.HSA.REI.B.3,No,No,https://www.notion.so/HSA-REI-B-e7019dc174bc4e088f146540b4c5c020,,,,,,"https://www.notion.so/Linear-equations-in-one-variable-5eaa42e4bb8b40b08a39fd7e38df2bee, https://www.notion.so/Linear-inequalities-in-one-or-two-variables-e4c2804c70d642728a22931449728d51",,,,,,,
HSA.REI.B.4,"Dec 30, 2019 10:57 PM",Solve quadratic equations in one variable.,http://www.corestandards.org/Math/Content/HSA/REI/B/4/,Algebra,Reasoning with Equations and Inequalities,CCSS.Math.Content.HSA.REI.B.4,No,No,https://www.notion.so/HSA-REI-B-e7019dc174bc4e088f146540b4c5c020,https://www.notion.so/Attempted-to-solve-the-distance-formula-but-had-two-variables-in-one-equation-e604da588c884fd587d1ad2dc3a412e7,,,,,https://www.notion.so/Nonlinear-equations-in-one-variable-and-systems-of-equations-in-two-variables-c0e70c18a18f43feb264dba82657123d,,,,,,,
HSA.REI.C.5,"Dec 30, 2019 10:57 PM","Prove that, given a system of two equations in two variables, replacing one equation by the sum of that equation and a multiple of the other produces a system with the same solutions.",http://www.corestandards.org/Math/Content/HSA/REI/C/5/,Algebra,Reasoning with Equations and Inequalities,CCSS.Math.Content.HSA.REI.C.5,No,No,https://www.notion.so/HSA-REI-C-f91a26372f4a4f53a27e4039d01444f8,,,,,,,,,,,,,
HSA.REI.C.6,"Dec 30, 2019 10:57 PM","Solve systems of linear equations exactly and approximately (e.g., with graphs), focusing on pairs of linear equations in two variables.",http://www.corestandards.org/Math/Content/HSA/REI/C/6/,Algebra,Reasoning with Equations and Inequalities,CCSS.Math.Content.HSA.REI.C.6,No,No,https://www.notion.so/HSA-REI-C-f91a26372f4a4f53a27e4039d01444f8,,https://www.notion.so/When-calculating-the-ball-s-new-direction-after-reflecting-off-the-paddle-Defining-direction-in-two-ce8d2427acb14776b9b94fcd7385408d,,,,https://www.notion.so/Systems-of-two-linear-equations-in-two-variables-05818cc17b02408ba9d8e74c40f05c7c,,,,,,,
HSA.REI.C.7,"Dec 30, 2019 10:57 PM","Solve a simple system consisting of a linear equation and a quadratic equation in two variables algebraically and graphically. For example, find the points of intersection between the line y = -3x and the circle x2 + y2 = 3.",http://www.corestandards.org/Math/Content/HSA/REI/C/7/,Algebra,Reasoning with Equations and Inequalities,CCSS.Math.Content.HSA.REI.C.7,No,No,https://www.notion.so/HSA-REI-C-f91a26372f4a4f53a27e4039d01444f8,,,,,,https://www.notion.so/Nonlinear-equations-in-one-variable-and-systems-of-equations-in-two-variables-c0e70c18a18f43feb264dba82657123d,,,,,,,
HSA.REI.C.8,"Dec 30, 2019 10:57 PM",Represent a system of linear equations as a single matrix equation in a vector variable.,http://www.corestandards.org/Math/Content/HSA/REI/C/8/,Algebra,Reasoning with Equations and Inequalities,CCSS.Math.Content.HSA.REI.C.8,Yes,No,https://www.notion.so/HSA-REI-C-f91a26372f4a4f53a27e4039d01444f8,,,,,,,,,,,,,
HSA.REI.C.9,"Dec 30, 2019 10:57 PM",Find the inverse of a matrix if it exists and use it to solve systems of linear equations (using technology for matrices of dimension 3 × 3 or greater).,http://www.corestandards.org/Math/Content/HSA/REI/C/9/,Algebra,Reasoning with Equations and Inequalities,CCSS.Math.Content.HSA.REI.C.9,Yes,No,,,,,,,,,,,,,,
HSA.REI.D.10,"Dec 30, 2019 10:57 PM","Understand that the graph of an equation in two variables is the set of all its solutions plotted in the coordinate plane, often forming a curve (which could be a line).",http://www.corestandards.org/Math/Content/HSA/REI/D/10/,Algebra,Reasoning with Equations and Inequalities,CCSS.Math.Content.HSA.REI.D.10,No,No,https://www.notion.so/HSA-REI-D-b17f4bcff9714d6b82acea9a8e5e4798,,,,,,"https://www.notion.so/Linear-equations-in-two-variables-2709353caddd45cb85c55d393584fdb8, https://www.notion.so/Nonlinear-functions-8f31dfc425014243a671aa7a50035f55",,,,,,,
HSA.REI.D.11,"Dec 30, 2019 10:57 PM","Explain why the x-coordinates of the points where the graphs of the equations y = f(x) and y = g(x) intersect are the solutions of the equation f(x) = g(x); find the solutions approximately, e.g., using technology to graph the functions, make tables of values, or find successive approximations. Include cases where f(x) and/or g(x) are linear, polynomial, rational, absolute value, exponential, and logarithmic functions.",http://www.corestandards.org/Math/Content/HSA/REI/D/11/,Algebra,Reasoning with Equations and Inequalities,CCSS.Math.Content.HSA.REI.D.11,No,Yes,https://www.notion.so/HSA-REI-D-b17f4bcff9714d6b82acea9a8e5e4798,,,,,,,,,,,,,
HSA.REI.D.12,"Dec 30, 2019 10:57 PM","Graph the solutions to a linear inequality in two variables as a half-plane (excluding the boundary in the case of a strict inequality), and graph the solution set to a system of linear inequalities in two variables as the intersection of the corresponding half-planes.",http://www.corestandards.org/Math/Content/HSA/REI/D/12/,Algebra,Reasoning with Equations and Inequalities,CCSS.Math.Content.HSA.REI.D.12,No,No,https://www.notion.so/HSA-REI-D-b17f4bcff9714d6b82acea9a8e5e4798,,,,,,https://www.notion.so/Linear-inequalities-in-one-or-two-variables-e4c2804c70d642728a22931449728d51,,,,,,,
HSA.SSE.A.1,"Dec 30, 2019 10:57 PM",Interpret expressions that represent a quantity in terms of its context.,http://www.corestandards.org/Math/Content/HSA/SSE/A/1/,Algebra,Seeing Structure in Expressions,CCSS.Math.Content.HSA.SSE.A.1,No,Yes,https://www.notion.so/HSA-SSE-A-c9a8a7d18c9a45809523464bdccccb54,,,,https://www.notion.so/In-modeling-x-y-initial-velocity-and-gravity-with-variables-in-randomly-setting-initial-position-62d5dad1b7a143eba2627d4809b427c7,https://www.notion.so/In-the-introduction-use-and-updating-of-every-variable-in-the-project-0f1934ee38a641ababda01674f6ebd93,"https://www.notion.so/Linear-functions-1cbfafac273e4b4ab5aeec2239f7f516, https://www.notion.so/Linear-equations-in-two-variables-2709353caddd45cb85c55d393584fdb8, https://www.notion.so/Equivalent-expressions-f6a8a2a0c7f14500919fb04c96b3e8f0, https://www.notion.so/Nonlinear-equations-in-one-variable-and-systems-of-equations-in-two-variables-c0e70c18a18f43feb264dba82657123d, https://www.notion.so/Nonlinear-functions-8f31dfc425014243a671aa7a50035f55",,,,,,,
HSA.SSE.A.2,"Dec 30, 2019 10:57 PM","Use the structure of an expression to identify ways to rewrite it. For example, see x4 - y4 as (x2)2 - (y2)2, thus recognizing it as a difference of squares that can be factored as (x2 - y2)(x2 + y2).",http://www.corestandards.org/Math/Content/HSA/SSE/A/2/,Algebra,Seeing Structure in Expressions,CCSS.Math.Content.HSA.SSE.A.2,No,No,https://www.notion.so/HSA-SSE-A-c9a8a7d18c9a45809523464bdccccb54,,,,,,"https://www.notion.so/Linear-functions-1cbfafac273e4b4ab5aeec2239f7f516, https://www.notion.so/Linear-equations-in-two-variables-2709353caddd45cb85c55d393584fdb8, https://www.notion.so/Equivalent-expressions-f6a8a2a0c7f14500919fb04c96b3e8f0, https://www.notion.so/Nonlinear-equations-in-one-variable-and-systems-of-equations-in-two-variables-c0e70c18a18f43feb264dba82657123d, https://www.notion.so/Nonlinear-functions-8f31dfc425014243a671aa7a50035f55",,,,,,,
HSA.SSE.B.3,"Dec 30, 2019 10:57 PM",Choose and produce an equivalent form of an expression to reveal and explain properties of the quantity represented by the expression.,http://www.corestandards.org/Math/Content/HSA/SSE/B/3/,Algebra,Seeing Structure in Expressions,CCSS.Math.Content.HSA.SSE.B.3,No,Yes,https://www.notion.so/HSA-SSE-B-b72b75da242546dbb96293b7cf56e7c3,https://www.notion.so/When-I-realized-I-needed-to-be-moving-the-crystal-to-the-right-as-well-and-did-some-math-Translatin-bdac78e0b90c4feca6901daac2a34329,,,,https://www.notion.so/In-decomposing-velocity-into-x-and-y-speeds-and-updating-the-position-accordingly-21c5c066a4104f38af5c732df22766f0,https://www.notion.so/Nonlinear-functions-8f31dfc425014243a671aa7a50035f55,,,,,,,
HSA.SSE.B.4,"Dec 30, 2019 10:57 PM","Derive the formula for the sum of a finite geometric series (when the common ratio is not 1), and use the formula to solve problems. For example, calculate mortgage payments.",http://www.corestandards.org/Math/Content/HSA/SSE/B/4/,Algebra,Seeing Structure in Expressions,CCSS.Math.Content.HSA.SSE.B.4,No,Yes,https://www.notion.so/HSA-SSE-B-b72b75da242546dbb96293b7cf56e7c3,,,,,,,,,,,,,
HSF.BF.A.1,"Dec 30, 2019 10:57 PM",Write a function that describes a relationship between two quantities.,http://www.corestandards.org/Math/Content/HSF/BF/A/1/,Functions,Building Functions,CCSS.Math.Content.HSF.BF.A.1,No,Yes,https://www.notion.so/HSF-BF-A-0e251c190c5a4259a818d9cff95cff0c,https://www.notion.so/When-defining-the-force-with-which-the-crystal-is-thrown-as-proportional-to-the-distance-between-the-8b55a46358f548f2b09963d25ae63b59,https://www.notion.so/Playing-around-with-different-somewhat-random-reflection-angles-when-the-ball-hits-a-paddle-Defini-10931077cf154f1582f9af1f652c6185,,https://www.notion.so/In-modeling-x-y-initial-velocity-and-gravity-with-variables-in-randomly-setting-initial-position-120e5baa96a24b4e93bc38e58670b7d5,https://www.notion.so/In-creating-the-procedures-updating-x-and-y-position-ae75143bceb24aad86594b077d841e4c,"https://www.notion.so/Linear-functions-1cbfafac273e4b4ab5aeec2239f7f516, https://www.notion.so/Nonlinear-functions-8f31dfc425014243a671aa7a50035f55",,,,,,,
HSF.BF.A.2,"Dec 30, 2019 10:57 PM","Write arithmetic and geometric sequences both recursively and with an explicit formula, use them to model situations, and translate between the two forms.",http://www.corestandards.org/Math/Content/HSF/BF/A/2/,Functions,Building Functions,CCSS.Math.Content.HSF.BF.A.2,No,Yes,https://www.notion.so/HSF-BF-A-0e251c190c5a4259a818d9cff95cff0c,,,,https://www.notion.so/In-creating-update-recurrence-equations-for-updating-x-and-y-with-gravity-74701b889db44c11b74b2365de656f18,https://www.notion.so/In-creating-the-procedures-updating-x-and-y-position-a7c4e41b812b4998a648f2b3a31c91ef,,,,,,,,
HSF.BF.B.3,"Dec 30, 2019 10:57 PM","Identify the effect on the graph of replacing f(x) by f(x) + k, k f(x), f(kx), and f(x + k) for specific values of k (both positive and negative); find the value of k given the graphs. Experiment with cases and illustrate an explanation of the effects on the graph using technology. Include recognizing even and odd functions from their graphs and algebraic expressions for them.",http://www.corestandards.org/Math/Content/HSF/BF/B/3/,Functions,Building Functions,CCSS.Math.Content.HSF.BF.B.3,No,No,https://www.notion.so/HSF-BF-B-930504fb225c4e4695b3bab842597c7b,,,,,https://www.notion.so/In-inverting-x-and-y-velocities-on-bounce-4963898e8c214d478eb369ea05ca7918,,,,,,,,
HSF.BF.B.4,"Dec 30, 2019 10:57 PM",Find inverse functions.,http://www.corestandards.org/Math/Content/HSF/BF/B/4/,Functions,Building Functions,CCSS.Math.Content.HSF.BF.B.4,No,No,https://www.notion.so/HSF-BF-B-930504fb225c4e4695b3bab842597c7b,,,,,,,,,,,,,
HSF.BF.B.5,"Dec 30, 2019 10:57 PM",Understand the inverse relationship between exponents and logarithms and use this relationship to solve problems involving logarithms and exponents.,http://www.corestandards.org/Math/Content/HSF/BF/B/5/,Functions,Building Functions,CCSS.Math.Content.HSF.BF.B.5,Yes,No,,,,,,,,,,,,,,
HSF.IF.A.1,"Dec 30, 2019 10:57 PM","Understand that a function from one set (called the domain) to another set (called the range) assigns to each element of the domain exactly one element of the range. If f is a function and x is an element of its domain, then f(x) denotes the output of f corresponding to the input x. The graph of f is the graph of the equation y = f(x).",http://www.corestandards.org/Math/Content/HSF/IF/A/1/,Functions,Interpreting Functions,CCSS.Math.Content.HSF.IF.A.1,No,No,https://www.notion.so/HSF-IF-A-62fe6ef9e07945139cfca162cece39bb,,,,,,"https://www.notion.so/Linear-functions-1cbfafac273e4b4ab5aeec2239f7f516, https://www.notion.so/Nonlinear-functions-8f31dfc425014243a671aa7a50035f55",,,,,,,
HSF.IF.A.2,"Dec 30, 2019 10:57 PM","Use function notation, evaluate functions for inputs in their domains, and interpret statements that use function notation in terms of a context.",http://www.corestandards.org/Math/Content/HSF/IF/A/2/,Functions,Interpreting Functions,CCSS.Math.Content.HSF.IF.A.2,No,No,https://www.notion.so/HSF-IF-A-62fe6ef9e07945139cfca162cece39bb,,,,,,"https://www.notion.so/Linear-functions-1cbfafac273e4b4ab5aeec2239f7f516, https://www.notion.so/Nonlinear-functions-8f31dfc425014243a671aa7a50035f55",,,,,,,
HSF.IF.A.3,"Dec 30, 2019 10:57 PM","Recognize that sequences are functions, sometimes defined recursively, whose domain is a subset of the integers. For example, the Fibonacci sequence is defined recursively by f(0) = f(1) = 1, f(n+1) = f(n) + f(n-1) for n ≥ 1.",http://www.corestandards.org/Math/Content/HSF/IF/A/3/,Functions,Interpreting Functions,CCSS.Math.Content.HSF.IF.A.3,No,No,https://www.notion.so/HSF-IF-A-62fe6ef9e07945139cfca162cece39bb,,,,,,,,,,,,,
HSF.IF.B.4,"Dec 30, 2019 10:57 PM","For a function that models a relationship between two quantities, interpret key features of graphs and tables in terms of the quantities, and sketch graphs showing key features given a verbal description of the relationship. Key features include: intercepts; intervals where the function is increasing, decreasing, positive, or negative; relative maximums and minimums; symmetries; end behavior; and periodicity.",http://www.corestandards.org/Math/Content/HSF/IF/B/4/,Functions,Interpreting Functions,CCSS.Math.Content.HSF.IF.B.4,No,Yes,https://www.notion.so/HSF-IF-B-de8193e578b049c3b50f3ae026b98bff,,,,,,"https://www.notion.so/Linear-functions-1cbfafac273e4b4ab5aeec2239f7f516, https://www.notion.so/Nonlinear-functions-8f31dfc425014243a671aa7a50035f55",,,,,,,
HSF.IF.B.5,"Dec 30, 2019 10:57 PM","Relate the domain of a function to its graph and, where applicable, to the quantitative relationship it describes. For example, if the function h(n) gives the number of person-hours it takes to assemble n engines in a factory, then the positive integers would be an appropriate domain for the function.",http://www.corestandards.org/Math/Content/HSF/IF/B/5/,Functions,Interpreting Functions,CCSS.Math.Content.HSF.IF.B.5,No,Yes,https://www.notion.so/HSF-IF-B-de8193e578b049c3b50f3ae026b98bff,,,,,,,,,,,,,
HSF.IF.B.6,"Dec 30, 2019 10:57 PM",Calculate and interpret the average rate of change of a function (presented symbolically or as a table) over a specified interval. Estimate the rate of change from a graph.,http://www.corestandards.org/Math/Content/HSF/IF/B/6/,Functions,Interpreting Functions,CCSS.Math.Content.HSF.IF.B.6,No,Yes,https://www.notion.so/HSF-IF-B-de8193e578b049c3b50f3ae026b98bff,,,,,,,,,,,,,
HSF.IF.C.7,"Dec 30, 2019 10:57 PM","Graph functions expressed symbolically and show key features of the graph, by hand in simple cases and using technology for more complicated cases.",http://www.corestandards.org/Math/Content/HSF/IF/C/7/,Functions,Interpreting Functions,CCSS.Math.Content.HSF.IF.C.7,No,Yes,https://www.notion.so/HSF-IF-C-89711085eb8f408e9859d4fd065f5651,,,,,,"https://www.notion.so/Linear-functions-1cbfafac273e4b4ab5aeec2239f7f516, https://www.notion.so/Nonlinear-functions-8f31dfc425014243a671aa7a50035f55",,,,,,,
HSF.IF.C.8,"Dec 30, 2019 10:57 PM",Write a function defined by an expression in different but equivalent forms to reveal and explain different properties of the function.,http://www.corestandards.org/Math/Content/HSF/IF/C/8/,Functions,Interpreting Functions,CCSS.Math.Content.HSF.IF.C.8,No,No,https://www.notion.so/HSF-IF-C-89711085eb8f408e9859d4fd065f5651,,,,,,"https://www.notion.so/Linear-functions-1cbfafac273e4b4ab5aeec2239f7f516, https://www.notion.so/Nonlinear-functions-8f31dfc425014243a671aa7a50035f55",,,,,,,
HSF.IF.C.9,"Dec 30, 2019 10:57 PM","Compare properties of two functions each represented in a different way (algebraically, graphically, numerically in tables, or by verbal descriptions). For example, given a graph of one quadratic function and an algebraic expression for another, say which has the larger maximum.",http://www.corestandards.org/Math/Content/HSF/IF/C/9/,Functions,Interpreting Functions,CCSS.Math.Content.HSF.IF.C.9,No,No,https://www.notion.so/HSF-IF-C-89711085eb8f408e9859d4fd065f5651,,,,,,"https://www.notion.so/Linear-functions-1cbfafac273e4b4ab5aeec2239f7f516, https://www.notion.so/Nonlinear-functions-8f31dfc425014243a671aa7a50035f55",,,,,,,
HSF.LE.A.1,"Dec 30, 2019 10:57 PM",Distinguish between situations that can be modeled with linear functions and with exponential functions.,http://www.corestandards.org/Math/Content/HSF/LE/A/1/,Functions,Linear; Quadratic; and Exponential Models,CCSS.Math.Content.HSF.LE.A.1,No,No,https://www.notion.so/HSF-LE-A-1e3e9b2a1975464693cbfc8937a5108b,,,,,,https://www.notion.so/Nonlinear-functions-8f31dfc425014243a671aa7a50035f55,,,,,,,
HSF.LE.A.2,"Dec 30, 2019 10:57 PM","Construct linear and exponential functions, including arithmetic and geometric sequences, given a graph, a description of a relationship, or two input-output pairs (include reading these from a table).",http://www.corestandards.org/Math/Content/HSF/LE/A/2/,Functions,Linear; Quadratic; and Exponential Models,CCSS.Math.Content.HSF.LE.A.2,No,No,https://www.notion.so/HSF-LE-A-1e3e9b2a1975464693cbfc8937a5108b,,,,,,"https://www.notion.so/Linear-functions-1cbfafac273e4b4ab5aeec2239f7f516, https://www.notion.so/Nonlinear-functions-8f31dfc425014243a671aa7a50035f55",,,,,,,
HSF.LE.A.3,"Dec 30, 2019 10:57 PM","Observe using graphs and tables that a quantity increasing exponentially eventually exceeds a quantity increasing linearly, quadratically, or (more generally) as a polynomial function.",http://www.corestandards.org/Math/Content/HSF/LE/A/3/,Functions,Linear; Quadratic; and Exponential Models,CCSS.Math.Content.HSF.LE.A.3,No,No,https://www.notion.so/HSF-LE-A-1e3e9b2a1975464693cbfc8937a5108b,,,,,,,,,,,,,
HSF.LE.A.4,"Dec 30, 2019 10:57 PM","For exponential models, express as a logarithm the solution to abct = d where a, c, and d are numbers and the base b is 2, 10, or e; evaluate the logarithm using technology.",http://www.corestandards.org/Math/Content/HSF/LE/A/4/,Functions,Linear; Quadratic; and Exponential Models,CCSS.Math.Content.HSF.LE.A.4,No,No,,,,,,,,,,,,,,
HSF.LE.B.5,"Dec 30, 2019 10:57 PM",Interpret the parameters in a linear or exponential function in terms of a context.,http://www.corestandards.org/Math/Content/HSF/LE/B/5/,Functions,Linear; Quadratic; and Exponential Models,CCSS.Math.Content.HSF.LE.B.5,No,No,https://www.notion.so/HSF-LE-B-5bcf9779b53143b1ad139b1f18f1e2b3,,,,,,"https://www.notion.so/Linear-functions-1cbfafac273e4b4ab5aeec2239f7f516, https://www.notion.so/Nonlinear-functions-8f31dfc425014243a671aa7a50035f55",,,,,,,
HSF.TF.A.1,"Dec 30, 2019 10:57 PM",Understand radian measure of an angle as the length of the arc on the unit circle subtended by the angle.,http://www.corestandards.org/Math/Content/HSF/TF/A/1/,Functions,Trigonometric Functions,CCSS.Math.Content.HSF.TF.A.1,No,No,,,,,,,,,,,,,,
HSF.TF.A.2,"Dec 30, 2019 10:57 PM","Explain how the unit circle in the coordinate plane enables the extension of trigonometric functions to all real numbers, interpreted as radian measures of angles traversed counterclockwise around the unit circle.",http://www.corestandards.org/Math/Content/HSF/TF/A/2/,Functions,Trigonometric Functions,CCSS.Math.Content.HSF.TF.A.2,No,No,,,,,,,,,,,,,,
HSF.TF.A.3,"Dec 30, 2019 10:57 PM","Use special triangles to determine geometrically the values of sine, cosine, tangent for π/3, π/4 and π/6, and use the unit circle to express the values of sine, cosine, and tangent for x, π + x, and 2π – x in terms of their values for x, where x is any real number.",http://www.corestandards.org/Math/Content/HSF/TF/A/3/,Functions,Trigonometric Functions,CCSS.Math.Content.HSF.TF.A.3,Yes,No,,,,,,,,,,,,,,
HSF.TF.A.4,"Dec 30, 2019 10:57 PM",Use the unit circle to explain symmetry (odd and even) and periodicity of trigonometric functions.,http://www.corestandards.org/Math/Content/HSF/TF/A/4/,Functions,Trigonometric Functions,CCSS.Math.Content.HSF.TF.A.4,Yes,No,,,,,,,,,,,,,,
HSF.TF.B.5,"Dec 30, 2019 10:57 PM","Choose trigonometric functions to model periodic phenomena with specified amplitude, frequency, and midline.",http://www.corestandards.org/Math/Content/HSF/TF/B/5/,Functions,Trigonometric Functions,CCSS.Math.Content.HSF.TF.B.5,No,Yes,,,,,,,,,,,,,,
HSF.TF.B.6,"Dec 30, 2019 10:57 PM",Understand that restricting a trigonometric function to a domain on which it is always increasing or always decreasing allows its inverse to be constructed.,http://www.corestandards.org/Math/Content/HSF/TF/B/6/,Functions,Trigonometric Functions,CCSS.Math.Content.HSF.TF.B.6,Yes,No,,,,,,,,,,,,,,
HSF.TF.B.7,"Dec 30, 2019 10:57 PM","Use inverse functions to solve trigonometric equations that arise in modeling contexts; evaluate the solutions using technology, and interpret them in terms of the context.",http://www.corestandards.org/Math/Content/HSF/TF/B/7/,Functions,Trigonometric Functions,CCSS.Math.Content.HSF.TF.B.7,Yes,Yes,,,,,,,,,,,,,,
HSF.TF.C.8,"Dec 30, 2019 10:57 PM","Prove the Pythagorean identity sin (θ) + cos (θ) = 1 and use it to find  sin(θ), cos(θ), or tan(θ) given sin(θ), cos(θ), or tan(θ) and the quadrant of the angle.",http://www.corestandards.org/Math/Content/HSF/TF/C/8/,Functions,Trigonometric Functions,CCSS.Math.Content.HSF.TF.C.8,No,No,,,,,,,,,,,,,,
HSF.TF.C.9,"Dec 30, 2019 10:57 PM","Prove the addition and subtraction formulas for sine, cosine, and tangent and use them to solve problems.",http://www.corestandards.org/Math/Content/HSF/TF/C/9/,Functions,Trigonometric Functions,CCSS.Math.Content.HSF.TF.C.9,Yes,No,,,,,,,,,,,,,,
HSG.C.A.1,"Dec 30, 2019 10:57 PM",Prove that all circles are similar.,http://www.corestandards.org/Math/Content/HSG/C/A/1/,Geometry,Circles,CCSS.Math.Content.HSG.C.A.1,No,No,,,,,,,,,,,,,,
HSG.C.A.2,"Dec 30, 2019 10:57 PM","Identify and describe relationships among inscribed angles, radii, and chords. Include the relationship between central, inscribed, and circumscribed angles; inscribed angles on a diameter are right angles; the radius of a circle is perpendicular to the tangent where the radius intersects the circle.",http://www.corestandards.org/Math/Content/HSG/C/A/2/,Geometry,Circles,CCSS.Math.Content.HSG.C.A.2,No,No,,,,,,,,,,,,,,
HSG.C.A.3,"Dec 30, 2019 10:57 PM","Construct the inscribed and circumscribed circles of a triangle, and prove properties of angles for a quadrilateral inscribed in a circle.",http://www.corestandards.org/Math/Content/HSG/C/A/3/,Geometry,Circles,CCSS.Math.Content.HSG.C.A.3,No,No,,,,,,,,,,,,,,
HSG.C.A.4,"Dec 30, 2019 10:57 PM",Construct a tangent line from a point outside a given circle to the circle.,http://www.corestandards.org/Math/Content/HSG/C/A/4/,Geometry,Circles,CCSS.Math.Content.HSG.C.A.4,Yes,No,,,,,,,,,,,,,,
HSG.C.B.5,"Dec 30, 2019 10:57 PM","Derive using similarity the fact that the length of the arc intercepted by an angle is proportional to the radius, and define the radian measure of the angle as the constant of proportionality; derive the formula for the area of a sector.",http://www.corestandards.org/Math/Content/HSG/C/B/5/,Geometry,Circles,CCSS.Math.Content.HSG.C.B.5,No,No,,,,,,,,,,,,,,
HSG.CO.A.1,"Dec 30, 2019 10:57 PM","Know precise definitions of angle, circle, perpendicular line, parallel line, and line segment, based on the undefined notions of point, line, distance along a line, and distance around a circular arc.",http://www.corestandards.org/Math/Content/HSG/CO/A/1/,Geometry,Congruence,CCSS.Math.Content.HSG.CO.A.1,No,No,,,,,,,,,,,,,,
HSG.CO.A.2,"Dec 30, 2019 10:57 PM","Represent transformations in the plane using, e.g., transparencies and geometry software; describe transformations as functions that take points in the plane as inputs and give other points as outputs. Compare transformations that preserve distance and angle to those that do not (e.g., translation versus horizontal stretch).",http://www.corestandards.org/Math/Content/HSG/CO/A/2/,Geometry,Congruence,CCSS.Math.Content.HSG.CO.A.2,No,No,,https://www.notion.so/Noticing-that-the-arc-I-want-for-the-crystal-is-horizontally-symmetric-and-deciding-to-replace-it-w-6129c1af01c94b4bbe2724a092cac4c4,,,,,,,,,,,,
HSG.CO.A.3,"Dec 30, 2019 10:57 PM","Given a rectangle, parallelogram, trapezoid, or regular polygon, describe the rotations and reflections that carry it onto itself.",http://www.corestandards.org/Math/Content/HSG/CO/A/3/,Geometry,Congruence,CCSS.Math.Content.HSG.CO.A.3,No,No,,,,,,,,,,,,,,
HSG.CO.A.4,"Dec 30, 2019 10:57 PM","Develop definitions of rotations, reflections, and translations in terms of angles, circles, perpendicular lines, parallel lines, and line segments.",http://www.corestandards.org/Math/Content/HSG/CO/A/4/,Geometry,Congruence,CCSS.Math.Content.HSG.CO.A.4,No,No,,,,,,,,,,,,,,
HSG.CO.A.5,"Dec 30, 2019 10:57 PM","Given a geometric figure and a rotation, reflection, or translation, draw the transformed figure using, e.g., graph paper, tracing paper, or geometry software. Specify a sequence of transformations that will carry a given figure onto another.",http://www.corestandards.org/Math/Content/HSG/CO/A/5/,Geometry,Congruence,CCSS.Math.Content.HSG.CO.A.5,No,No,,https://www.notion.so/Noticing-that-the-arc-I-want-for-the-crystal-is-horizontally-symmetric-and-deciding-to-replace-it-w-6129c1af01c94b4bbe2724a092cac4c4,,,,,,,,,,,,
HSG.CO.B.6,"Dec 30, 2019 10:57 PM","Use geometric descriptions of rigid motions to transform figures and to predict the effect of a given rigid motion on a given figure; given two figures, use the definition of congruence in terms of rigid motions to decide if they are congruent.",http://www.corestandards.org/Math/Content/HSG/CO/B/6/,Geometry,Congruence,CCSS.Math.Content.HSG.CO.B.6,No,No,,,,,,,,,,,,,,
HSG.CO.B.7,"Dec 30, 2019 10:57 PM",Use the definition of congruence in terms of rigid motions to show that two triangles are congruent if and only if corresponding pairs of sides and corresponding pairs of angles are congruent.,http://www.corestandards.org/Math/Content/HSG/CO/B/7/,Geometry,Congruence,CCSS.Math.Content.HSG.CO.B.7,No,No,,,,,,,,,,,,,,
HSG.CO.B.8,"Dec 30, 2019 10:57 PM","Explain how the criteria for triangle congruence (ASA, SAS, and SSS) follow from the definition of congruence in terms of rigid motions.",http://www.corestandards.org/Math/Content/HSG/CO/B/8/,Geometry,Congruence,CCSS.Math.Content.HSG.CO.B.8,No,No,,,,,,,,,,,,,,
HSG.CO.C.9,"Dec 30, 2019 10:57 PM","Prove theorems about lines and angles. Theorems include: vertical angles are congruent; when a transversal crosses parallel lines, alternate interior angles are congruent and corresponding angles are congruent; points on a perpendicular bisector of a line segment are exactly those equidistant from the segment's endpoints.",http://www.corestandards.org/Math/Content/HSG/CO/C/9/,Geometry,Congruence,CCSS.Math.Content.HSG.CO.C.9,No,No,,https://www.notion.so/Deducing-that-when-a-line-intersects-two-parallel-lines-analogous-angles-at-the-intersections-are--e64c60ef2a9f45068e630b1c6c7089c5,https://www.notion.so/Deducing-that-when-a-line-intersects-two-parallel-lines-analogous-angles-at-the-intersections-are--9830621325744a46abee9c8e53da2610,,,,,,,,,,,
HSG.CO.C.10,"Dec 30, 2019 10:57 PM",Prove theorems about triangles. Theorems include: measures of interior angles of a triangle sum to 180Â°; base angles of isosceles triangles are congruent; the segment joining midpoints of two sides of a triangle is parallel to the third side and half the length; the medians of a triangle meet at a point.,http://www.corestandards.org/Math/Content/HSG/CO/C/10/,Geometry,Congruence,CCSS.Math.Content.HSG.CO.C.10,No,No,,,,,,,,,,,,,,
HSG.CO.C.11,"Dec 30, 2019 10:57 PM","Prove theorems about parallelograms. Theorems include: opposite sides are congruent, opposite angles are congruent, the diagonals of a parallelogram bisect each other, and conversely, rectangles are parallelograms with congruent diagonals.",http://www.corestandards.org/Math/Content/HSG/CO/C/11/,Geometry,Congruence,CCSS.Math.Content.HSG.CO.C.11,No,No,,,,,,,,,,,,,,
HSG.CO.D.12,"Dec 30, 2019 10:57 PM","Make formal geometric constructions with a variety of tools and methods (compass and straightedge, string, reflective devices, paper folding, dynamic geometric software, etc.). Copying a segment; copying an angle; bisecting a segment; bisecting an angle; constructing perpendicular lines, including the perpendicular bisector of a line segment; and constructing a line parallel to a given line through a point not on the line.",http://www.corestandards.org/Math/Content/HSG/CO/D/12/,Geometry,Congruence,CCSS.Math.Content.HSG.CO.D.12,No,No,,,,https://www.notion.so/Sample-mapping-a6d6384d192749e1aab20fcb8698dca3,,,,,,,,,,
HSG.CO.D.13,"Dec 30, 2019 10:57 PM","Construct an equilateral triangle, a square, and a regular hexagon inscribed in a circle.",http://www.corestandards.org/Math/Content/HSG/CO/D/13/,Geometry,Congruence,CCSS.Math.Content.HSG.CO.D.13,No,No,,,,,,,,,,,,,,
HSG.GMD.A.1,"Dec 30, 2019 10:57 PM","Give an informal argument for the formulas for the circumference of a circle, area of a circle, volume of a cylinder, pyramid, and cone. Use dissection arguments, Cavalieri's principle, and informal limit arguments.",http://www.corestandards.org/Math/Content/HSG/GMD/A/1/,Geometry,Geometric Measurement and Dimension,CCSS.Math.Content.HSG.GMD.A.1,No,No,,,,,,,,,,,,,,
HSG.GMD.A.2,"Dec 30, 2019 10:57 PM",Give an informal argument using Cavalieri's principle for the formulas for the volume of a sphere and other solid figures.,http://www.corestandards.org/Math/Content/HSG/GMD/A/2/,Geometry,Geometric Measurement and Dimension,CCSS.Math.Content.HSG.GMD.A.2,Yes,No,,,,,,,,,,,,,,
HSG.GMD.A.3,"Dec 30, 2019 10:57 PM","Use volume formulas for cylinders, pyramids, cones, and spheres to solve problems.",http://www.corestandards.org/Math/Content/HSG/GMD/A/3/,Geometry,Geometric Measurement and Dimension,CCSS.Math.Content.HSG.GMD.A.3,No,Yes,,,,,,,,,,,,,,
HSG.GMD.B.4,"Dec 30, 2019 10:57 PM","Identify the shapes of two-dimensional cross-sections of three-dimensional objects, and identify three-dimensional objects generated by rotations of two-dimensional objects.",http://www.corestandards.org/Math/Content/HSG/GMD/B/4/,Geometry,Geometric Measurement and Dimension,CCSS.Math.Content.HSG.GMD.B.4,No,No,,,,,,,,,,,,,,
HSG.GPE.A.1,"Dec 30, 2019 10:57 PM",Derive the equation of a circle of given center and radius using the Pythagorean Theorem; complete the square to find the center and radius of a circle given by an equation.,http://www.corestandards.org/Math/Content/HSG/GPE/A/1/,Geometry,Expressing Geometric Properties with Equations,CCSS.Math.Content.HSG.GPE.A.1,No,No,,,,,,,,,,,,,,
HSG.GPE.A.2,"Dec 30, 2019 10:57 PM",Derive the equation of a parabola given a focus and directrix.,http://www.corestandards.org/Math/Content/HSG/GPE/A/2/,Geometry,Expressing Geometric Properties with Equations,CCSS.Math.Content.HSG.GPE.A.2,No,No,,,,,,,,,,,,,,
HSG.GPE.A.3,"Dec 30, 2019 10:57 PM","Derive the equations of ellipses and hyperbolas given the foci, using the fact that the sum or difference of distances from the foci is constant.",http://www.corestandards.org/Math/Content/HSG/GPE/A/3/,Geometry,Expressing Geometric Properties with Equations,CCSS.Math.Content.HSG.GPE.A.3,Yes,No,,,,,,,,,,,,,,
HSG.GPE.B.4,"Dec 30, 2019 10:57 PM","Use coordinates to prove simple geometric theorems algebraically. For example, prove or disprove that a figure defined by four given points in the coordinate plane is a rectangle; prove or disprove that the point (1, √3) lies on the circle centered at the origin and containing the point (0, 2).",http://www.corestandards.org/Math/Content/HSG/GPE/B/4/,Geometry,Expressing Geometric Properties with Equations,CCSS.Math.Content.HSG.GPE.B.4,No,No,,,,,,,,,,,,,,
HSG.GPE.B.5,"Dec 30, 2019 10:57 PM","Prove the slope criteria for parallel and perpendicular lines and use them to solve geometric problems (e.g., find the equation of a line parallel or perpendicular to a given line that passes through a given point).",http://www.corestandards.org/Math/Content/HSG/GPE/B/5/,Geometry,Expressing Geometric Properties with Equations,CCSS.Math.Content.HSG.GPE.B.5,No,No,,,,,,,https://www.notion.so/Linear-equations-in-two-variables-2709353caddd45cb85c55d393584fdb8,,,,,,,
HSG.GPE.B.6,"Dec 30, 2019 10:57 PM",Find the point on a directed line segment between two given points that partitions the segment in a given ratio.,http://www.corestandards.org/Math/Content/HSG/GPE/B/6/,Geometry,Expressing Geometric Properties with Equations,CCSS.Math.Content.HSG.GPE.B.6,No,No,,,,,,,,,,,,,,
HSG.GPE.B.7,"Dec 30, 2019 10:57 PM","Use coordinates to compute perimeters of polygons and areas of triangles and rectangles, e.g., using the distance formula.",http://www.corestandards.org/Math/Content/HSG/GPE/B/7/,Geometry,Expressing Geometric Properties with Equations,CCSS.Math.Content.HSG.GPE.B.7,No,Yes,,,,,,,,,,,,,,
HSG.MG.A.1,"Dec 30, 2019 10:57 PM","Use geometric shapes, their measures, and their properties to describe objects (e.g., modeling a tree trunk or a human torso as a cylinder).",http://www.corestandards.org/Math/Content/HSG/MG/A/1/,Geometry,Modeling with Geometry,CCSS.Math.Content.HSG.MG.A.1,No,Yes,,,,,,,,,,,,,,
HSG.MG.A.2,"Dec 30, 2019 10:57 PM","Apply concepts of density based on area and volume in modeling situations (e.g., persons per square mile, BTUs per cubic foot).",http://www.corestandards.org/Math/Content/HSG/MG/A/2/,Geometry,Modeling with Geometry,CCSS.Math.Content.HSG.MG.A.2,No,Yes,,,,,,,,,,,,,,
HSG.MG.A.3,"Dec 30, 2019 10:57 PM","Apply geometric methods to solve design problems (e.g., designing an object or structure to satisfy physical constraints or minimize cost; working with typographic grid systems based on ratios).",http://www.corestandards.org/Math/Content/HSG/MG/A/3/,Geometry,Modeling with Geometry,CCSS.Math.Content.HSG.MG.A.3,No,Yes,,,,,,,,,,,,,,
HSG.SRT.A.1,"Dec 30, 2019 10:57 PM",Verify experimentally the properties of dilations given by a center and a scale factor:,http://www.corestandards.org/Math/Content/HSG/SRT/A/1/,Geometry,Similarity; Right Triangles; and Trigonometry,CCSS.Math.Content.HSG.SRT.A.1,No,No,,,,,,,,,,,,,,
HSG.SRT.A.2,"Dec 30, 2019 10:57 PM","Given two figures, use the definition of similarity in terms of similarity transformations to decide if they are similar; explain using similarity transformations the meaning of similarity for triangles as the equality of all corresponding pairs of angles and the proportionality of all corresponding pairs of sides.",http://www.corestandards.org/Math/Content/HSG/SRT/A/2/,Geometry,Similarity; Right Triangles; and Trigonometry,CCSS.Math.Content.HSG.SRT.A.2,No,No,,,,,,,,,,,,,,
HSG.SRT.A.3,"Dec 30, 2019 10:57 PM",Use the properties of similarity transformations to establish the AA criterion for two triangles to be similar.,http://www.corestandards.org/Math/Content/HSG/SRT/A/3/,Geometry,Similarity; Right Triangles; and Trigonometry,CCSS.Math.Content.HSG.SRT.A.3,No,No,,,,,,,,,,,,,,
HSG.SRT.B.4,"Dec 30, 2019 10:57 PM","Prove theorems about triangles. Theorems include: a line parallel to one side of a triangle divides the other two proportionally, and conversely; the Pythagorean Theorem proved using triangle similarity.",http://www.corestandards.org/Math/Content/HSG/SRT/B/4/,Geometry,Similarity; Right Triangles; and Trigonometry,CCSS.Math.Content.HSG.SRT.B.4,No,No,,,,,,,,,,,,,,
HSG.SRT.B.5,"Dec 30, 2019 10:57 PM",Use congruence and similarity criteria for triangles to solve problems and to prove relationships in geometric figures.,http://www.corestandards.org/Math/Content/HSG/SRT/B/5/,Geometry,Similarity; Right Triangles; and Trigonometry,CCSS.Math.Content.HSG.SRT.B.5,No,No,,,,,,,,,,,,,,
HSG.SRT.C.6,"Dec 30, 2019 10:57 PM","Understand that by similarity, side ratios in right triangles are properties of the angles in the triangle, leading to definitions of trigonometric ratios for acute angles.",http://www.corestandards.org/Math/Content/HSG/SRT/C/6/,Geometry,Similarity; Right Triangles; and Trigonometry,CCSS.Math.Content.HSG.SRT.C.6,No,No,,,,,,,,,,,,,,
HSG.SRT.C.7,"Dec 30, 2019 10:57 PM",Explain and use the relationship between the sine and cosine of complementary angles.,http://www.corestandards.org/Math/Content/HSG/SRT/C/7/,Geometry,Similarity; Right Triangles; and Trigonometry,CCSS.Math.Content.HSG.SRT.C.7,No,No,,,,,,,,,,,,,,
HSG.SRT.C.8,"Dec 30, 2019 10:57 PM",Use trigonometric ratios and the Pythagorean Theorem to solve right triangles in applied problems.,http://www.corestandards.org/Math/Content/HSG/SRT/C/8/,Geometry,Similarity; Right Triangles; and Trigonometry,CCSS.Math.Content.HSG.SRT.C.8,No,Yes,,https://www.notion.so/When-I-realized-I-needed-to-be-moving-the-crystal-to-the-right-as-well-and-did-some-math-Using-the--65215ebedc3d4e5a80b94f5a0e05f755,,,,,,,,,,,,
HSG.SRT.D.9,"Dec 30, 2019 10:57 PM",Derive the formula A = 1/2 ab sin(C) for the area of a triangle by drawing an auxiliary line from a vertex perpendicular to the opposite side.,http://www.corestandards.org/Math/Content/HSG/SRT/D/9/,Geometry,Similarity; Right Triangles; and Trigonometry,CCSS.Math.Content.HSG.SRT.D.9,Yes,No,,,,,,,,,,,,,,
HSG.SRT.D.10,"Dec 30, 2019 10:57 PM",Prove the Laws of Sines and Cosines and use them to solve problems.,http://www.corestandards.org/Math/Content/HSG/SRT/D/10/,Geometry,Similarity; Right Triangles; and Trigonometry,CCSS.Math.Content.HSG.SRT.D.10,Yes,No,,,,,,,,,,,,,,
HSG.SRT.D.11,"Dec 30, 2019 10:57 PM","Understand and apply the Law of Sines and the Law of Cosines to find unknown measurements in right and non-right triangles (e.g., surveying problems, resultant forces).",http://www.corestandards.org/Math/Content/HSG/SRT/D/11/,Geometry,Similarity; Right Triangles; and Trigonometry,CCSS.Math.Content.HSG.SRT.D.11,Yes,No,,,,,,,,,,,,,,
HSS.CP.A.1,"Dec 30, 2019 10:57 PM","Describe events as subsets of a sample space (the set of outcomes) using characteristics (or categories) of the outcomes, or as unions, intersections, or complements of other events (""or,"" ""and,"" ""not"").",http://www.corestandards.org/Math/Content/HSS/CP/A/1/,Statistics & Probability,Conditional Probability and the Rules of Probability,CCSS.Math.Content.HSS.CP.A.1,No,No,,,,,,,,,,,,,,
HSS.CP.A.2,"Dec 30, 2019 10:57 PM","Understand that two events A and B are independent if the probability of A and B occurring together is the product of their probabilities, and use this characterization to determine if they are independent.",http://www.corestandards.org/Math/Content/HSS/CP/A/2/,Statistics & Probability,Conditional Probability and the Rules of Probability,CCSS.Math.Content.HSS.CP.A.2,No,No,,,,,,,,,,,,,,
HSS.CP.A.3,"Dec 30, 2019 10:57 PM","Understand the conditional probability of A given B as P(A and B)/P(B), and interpret independence of A and B as saying that the conditional probability of A given B is the same as the probability of A, and the conditional probability of B given A is the same as the probability of B.",http://www.corestandards.org/Math/Content/HSS/CP/A/3/,Statistics & Probability,Conditional Probability and the Rules of Probability,CCSS.Math.Content.HSS.CP.A.3,No,No,,,,,,,,,,,,,,
HSS.CP.A.4,"Dec 30, 2019 10:57 PM","Construct and interpret two-way frequency tables of data when two categories are associated with each object being classified. Use the two-way table as a sample space to decide if events are independent and to approximate conditional probabilities. For example, collect data from a random sample of students in your school on their favorite subject among math, science, and English. Estimate the probability that a randomly selected student from your school will favor science given that the student is in tenth grade. Do the same for other subjects and compare the results.",http://www.corestandards.org/Math/Content/HSS/CP/A/4/,Statistics & Probability,Conditional Probability and the Rules of Probability,CCSS.Math.Content.HSS.CP.A.4,No,No,,,,,,,,,,,,,,
HSS.CP.A.5,"Dec 30, 2019 10:57 PM","Recognize and explain the concepts of conditional probability and independence in everyday language and everyday situations. For example, compare the chance of having lung cancer if you are a smoker with the chance of being a smoker if you have lung cancer.",http://www.corestandards.org/Math/Content/HSS/CP/A/5/,Statistics & Probability,Conditional Probability and the Rules of Probability,CCSS.Math.Content.HSS.CP.A.5,No,No,,,,,,,,,,,,,,
HSS.CP.B.6,"Dec 30, 2019 10:57 PM","Find the conditional probability of A given B as the fraction of B's outcomes that also belong to A, and interpret the answer in terms of the model.",http://www.corestandards.org/Math/Content/HSS/CP/B/6/,Statistics & Probability,Conditional Probability and the Rules of Probability,CCSS.Math.Content.HSS.CP.B.6,No,No,,,,,,,,,,,,,,
HSS.CP.B.7,"Dec 30, 2019 10:57 PM","Apply the Addition Rule, P(A or B) = P(A) + P(B) - P(A and B), and interpret the answer in terms of the model.",http://www.corestandards.org/Math/Content/HSS/CP/B/7/,Statistics & Probability,Conditional Probability and the Rules of Probability,CCSS.Math.Content.HSS.CP.B.7,No,No,,,,,,,,,,,,,,
HSS.CP.B.8,"Dec 30, 2019 10:57 PM","Apply the general Multiplication Rule in a uniform probability model, P(A and B) = P(A)P(B|A) = P(B)P(A|B), and interpret the answer in terms of the model.",http://www.corestandards.org/Math/Content/HSS/CP/B/8/,Statistics & Probability,Conditional Probability and the Rules of Probability,CCSS.Math.Content.HSS.CP.B.8,Yes,No,,,,,,,,,,,,,,
HSS.CP.B.9,"Dec 30, 2019 10:57 PM",Use permutations and combinations to compute probabilities of compound events and solve problems.,http://www.corestandards.org/Math/Content/HSS/CP/B/9/,Statistics & Probability,Conditional Probability and the Rules of Probability,CCSS.Math.Content.HSS.CP.B.9,Yes,No,,,,,,,,,,,,,,
HSS.IC.A.1,"Dec 30, 2019 10:57 PM",Understand statistics as a process for making inferences about population parameters based on a random sample from that population.,http://www.corestandards.org/Math/Content/HSS/IC/A/1/,Statistics & Probability,Making Inferences and Justifying Conclusions,CCSS.Math.Content.HSS.IC.A.1,No,No,,,,,,,,,,,,,,
HSS.IC.A.2,"Dec 30, 2019 10:57 PM","Decide if a specified model is consistent with results from a given data-generating process, e.g., using simulation. For example, a model says a spinning coin falls heads up with probability 0.5. Would a result of 5 tails in a row cause you to question the model?",http://www.corestandards.org/Math/Content/HSS/IC/A/2/,Statistics & Probability,Making Inferences and Justifying Conclusions,CCSS.Math.Content.HSS.IC.A.2,No,No,,,,,,,,,,,,,,
HSS.IC.B.3,"Dec 30, 2019 10:57 PM","Recognize the purposes of and differences among sample surveys, experiments, and observational studies; explain how randomization relates to each.",http://www.corestandards.org/Math/Content/HSS/IC/B/3/,Statistics & Probability,Making Inferences and Justifying Conclusions,CCSS.Math.Content.HSS.IC.B.3,No,No,,,,,,,,,,,,,,
HSS.IC.B.4,"Dec 30, 2019 10:57 PM",Use data from a sample survey to estimate a population mean or proportion; develop a margin of error through the use of simulation models for random sampling.,http://www.corestandards.org/Math/Content/HSS/IC/B/4/,Statistics & Probability,Making Inferences and Justifying Conclusions,CCSS.Math.Content.HSS.IC.B.4,No,No,,,,,,,,,,,,,,
HSS.IC.B.5,"Dec 30, 2019 10:57 PM",Use data from a randomized experiment to compare two treatments; use simulations to decide if differences between parameters are significant.,http://www.corestandards.org/Math/Content/HSS/IC/B/5/,Statistics & Probability,Making Inferences and Justifying Conclusions,CCSS.Math.Content.HSS.IC.B.5,No,No,,,,,,,,,,,,,,
HSS.IC.B.6,"Dec 30, 2019 10:57 PM",Evaluate reports based on data.,http://www.corestandards.org/Math/Content/HSS/IC/B/6/,Statistics & Probability,Making Inferences and Justifying Conclusions,CCSS.Math.Content.HSS.IC.B.6,No,No,,,,,,,,,,,,,,
HSS.ID.A.1,"Dec 30, 2019 10:57 PM","Represent data with plots on the real number line (dot plots, histograms, and box plots).",http://www.corestandards.org/Math/Content/HSS/ID/A/1/,Statistics & Probability,Interpreting Categorical and Quantitative Data,CCSS.Math.Content.HSS.ID.A.1,No,No,https://www.notion.so/HSS-ID-A-ec2735a2f4e84a278311ca5981be830a,,,,,,,,,,,,,
HSS.ID.A.2,"Dec 30, 2019 10:57 PM","Use statistics appropriate to the shape of the data distribution to compare center (median, mean) and spread (interquartile range, standard deviation) of two or more different data sets.",http://www.corestandards.org/Math/Content/HSS/ID/A/2/,Statistics & Probability,Interpreting Categorical and Quantitative Data,CCSS.Math.Content.HSS.ID.A.2,No,No,https://www.notion.so/HSS-ID-A-ec2735a2f4e84a278311ca5981be830a,,,,,,,,,,,,,
HSS.ID.A.3,"Dec 30, 2019 10:57 PM","Interpret differences in shape, center, and spread in the context of the data sets, accounting for possible effects of extreme data points (outliers).",http://www.corestandards.org/Math/Content/HSS/ID/A/3/,Statistics & Probability,Interpreting Categorical and Quantitative Data,CCSS.Math.Content.HSS.ID.A.3,No,No,https://www.notion.so/HSS-ID-A-ec2735a2f4e84a278311ca5981be830a,,,,,,,,,,,,,
HSS.ID.A.4,"Dec 30, 2019 10:57 PM","Use the mean and standard deviation of a data set to fit it to a normal distribution and to estimate population percentages. Recognize that there are data sets for which such a procedure is not appropriate. Use calculators, spreadsheets, and tables to estimate areas under the normal curve.",http://www.corestandards.org/Math/Content/HSS/ID/A/4/,Statistics & Probability,Interpreting Categorical and Quantitative Data,CCSS.Math.Content.HSS.ID.A.4,No,No,,,,,,,,,,,,,,
HSS.ID.B.5,"Dec 30, 2019 10:57 PM","Summarize categorical data for two categories in two-way frequency tables. Interpret relative frequencies in the context of the data (including joint, marginal, and conditional relative frequencies). Recognize possible associations and trends in the data.",http://www.corestandards.org/Math/Content/HSS/ID/B/5/,Statistics & Probability,Interpreting Categorical and Quantitative Data,CCSS.Math.Content.HSS.ID.B.5,No,No,https://www.notion.so/HSS-ID-B-38bcceebe85a43c2b641c94f8a89df3b,,,,,,,,,,,,,
HSS.ID.B.6,"Dec 30, 2019 10:57 PM","Represent data on two quantitative variables on a scatter plot, and describe how the variables are related.",http://www.corestandards.org/Math/Content/HSS/ID/B/6/,Statistics & Probability,Interpreting Categorical and Quantitative Data,CCSS.Math.Content.HSS.ID.B.6,No,No,https://www.notion.so/HSS-ID-B-38bcceebe85a43c2b641c94f8a89df3b,,,,,,,,,,,,,
HSS.ID.C.7,"Dec 30, 2019 10:57 PM",Interpret the slope (rate of change) and the intercept (constant term) of a linear model in the context of the data.,http://www.corestandards.org/Math/Content/HSS/ID/C/7/,Statistics & Probability,Interpreting Categorical and Quantitative Data,CCSS.Math.Content.HSS.ID.C.7,No,No,https://www.notion.so/HSS-ID-C-927361b9515d416c895cb6c9f8d4ec6f,,,,,,,,,,,,,
HSS.ID.C.8,"Dec 30, 2019 10:57 PM",Compute (using technology) and interpret the correlation coefficient of a linear fit.,http://www.corestandards.org/Math/Content/HSS/ID/C/8/,Statistics & Probability,Interpreting Categorical and Quantitative Data,CCSS.Math.Content.HSS.ID.C.8,No,No,https://www.notion.so/HSS-ID-C-927361b9515d416c895cb6c9f8d4ec6f,,,,,,,,,,,,,
HSS.ID.C.9,"Dec 30, 2019 10:57 PM",Distinguish between correlation and causation.,http://www.corestandards.org/Math/Content/HSS/ID/C/9/,Statistics & Probability,Interpreting Categorical and Quantitative Data,CCSS.Math.Content.HSS.ID.C.9,No,No,https://www.notion.so/HSS-ID-C-927361b9515d416c895cb6c9f8d4ec6f,,,,,,,,,,,,,
HSS.MD.A.1,"Dec 30, 2019 10:57 PM",Define a random variable for a quantity of interest by assigning a numerical value to each event in a sample space; graph the corresponding probability distribution using the same graphical displays as for data distributions.,http://www.corestandards.org/Math/Content/HSS/MD/A/1/,Statistics & Probability,Using Probability to Make Decisions,CCSS.Math.Content.HSS.MD.A.1,Yes,No,,,,,,,,,,,,,,
HSS.MD.A.2,"Dec 30, 2019 10:57 PM",Calculate the expected value of a random variable; interpret it as the mean of the probability distribution.,http://www.corestandards.org/Math/Content/HSS/MD/A/2/,Statistics & Probability,Using Probability to Make Decisions,CCSS.Math.Content.HSS.MD.A.2,Yes,No,,,,,,,,,,,,,,
HSS.MD.A.3,"Dec 30, 2019 10:57 PM","Develop a probability distribution for a random variable defined for a sample space in which theoretical probabilities can be calculated; find the expected value. For example, find the theoretical probability distribution for the number of correct answers obtained by guessing on all five questions of a multiple-choice test where each question has four choices, and find the expected grade under various grading schemes.",http://www.corestandards.org/Math/Content/HSS/MD/A/3/,Statistics & Probability,Using Probability to Make Decisions,CCSS.Math.Content.HSS.MD.A.3,Yes,No,,,,,,https://www.notion.so/In-generating-a-random-number-to-use-to-initialize-location-direction-ed6e43cef3804618888b133567b9bb03,,,,,,,,
HSS.MD.A.4,"Dec 30, 2019 10:57 PM","Develop a probability distribution for a random variable defined for a sample space in which probabilities are assigned empirically; find the expected value. For example, find a current data distribution on the number of TV sets per household in the United States, and calculate the expected number of sets per household. How many TV sets would you expect to find in 100 randomly selected households?",http://www.corestandards.org/Math/Content/HSS/MD/A/4/,Statistics & Probability,Using Probability to Make Decisions,CCSS.Math.Content.HSS.MD.A.4,Yes,No,,,,,,,,,,,,,,
HSS.MD.B.5,"Dec 30, 2019 10:57 PM",Weigh the possible outcomes of a decision by assigning probabilities to payoff values and finding expected values.,http://www.corestandards.org/Math/Content/HSS/MD/B/5/,Statistics & Probability,Using Probability to Make Decisions,CCSS.Math.Content.HSS.MD.B.5,Yes,No,,,,,,,,,,,,,,
HSS.MD.B.6,"Dec 30, 2019 10:57 PM","Use probabilities to make fair decisions (e.g., drawing by lots, using a random number generator).",http://www.corestandards.org/Math/Content/HSS/MD/B/6/,Statistics & Probability,Using Probability to Make Decisions,CCSS.Math.Content.HSS.MD.B.6,Yes,No,,,,,,https://www.notion.so/In-generating-a-random-number-to-use-to-initialize-location-direction-862b3768879b4048960ebbaac6496863,,,,https://www.notion.so/Randomizing-placement-of-dice-tootsie-roll-on-the-board-4825159135824e2496631ea51e9a3e9b,,,,
HSS.MD.B.7,"Dec 30, 2019 10:57 PM","Analyze decisions and strategies using probability concepts (e.g., product testing, medical testing, pulling a hockey goalie at the end of a game).",http://www.corestandards.org/Math/Content/HSS/MD/B/7/,Statistics & Probability,Using Probability to Make Decisions,CCSS.Math.Content.HSS.MD.B.7,Yes,No,,,,,,,,,,,,,,